,relationshipsatisfaction,standardhours,stockoptionlevel,totalworkingyears,trainingtimeslastyear,worklifebalance,yearsatcompany,yearsincurrentrole
0,3,,0,,5,3.0,20,
1,1,,1,34.0,5,3.0,33,
2,4,,0,22.0,3,,22,
3,2,,2,,2,,20,
4,4,,1,,5,3.0,19,
5,2,,1,,3,3.0,22,
6,4,,0,28.0,3,2.0,21,
7,3,,0,20.0,3,3.0,20,
8,2,,1,22.0,2,3.0,18,
9,2,,1,21.0,2,4.0,18,
10,2,,2,,3,3.0,21,
11,1,,1,33.0,0,3.0,19,
12,1,,1,,3,3.0,18,
13,4,,0,,0,3.0,22,
14,4,,0,,3,3.0,24,
15,4,,0,,2,3.0,20,
16,4,,0,40.0,2,3.0,31,
17,1,,0,28.0,2,3.0,26,
18,4,,0,,2,3.0,16,
19,4,,2,18.0,2,,18,
20,4,,1,25.0,3,2.0,23,
21,3,,0,15.0,1,3.0,15,
22,2,,3,17.0,2,3.0,17,
23,3,80.0,1,,3,2.0,26,
24,4,,1,18.0,1,,18,
25,2,80.0,1,17.0,2,3.0,17,
26,4,,1,33.0,3,3.0,32,
27,4,,0,18.0,2,3.0,16,
28,2,,1,15.0,3,3.0,15,
29,3,,1,15.0,3,3.0,15,
30,4,,1,,3,4.0,22,
31,2,,0,25.0,3,3.0,17,
32,4,,1,26.0,3,2.0,14,
33,2,80.0,0,16.0,2,3.0,15,
34,3,,0,16.0,3,3.0,16,
35,3,,3,24.0,2,3.0,24,
36,3,,1,22.0,3,3.0,17,
37,3,,1,16.0,4,3.0,15,
38,4,,0,22.0,5,4.0,18,13.0
39,3,80.0,1,20.0,2,3.0,18,
40,3,80.0,1,14.0,3,3.0,14,
41,3,,0,20.0,3,3.0,18,
42,3,,1,22.0,3,4.0,17,
43,3,80.0,0,18.0,1,3.0,17,
44,1,,3,,2,3.0,16,
45,1,,2,16.0,3,,15,
46,3,,0,23.0,1,2.0,13,
47,4,80.0,2,25.0,3,4.0,25,
48,2,80.0,0,,3,3.0,17,
49,4,80.0,0,,2,3.0,13,12.0
50,2,,1,15.0,3,3.0,15,
51,4,80.0,1,23.0,2,4.0,13,
52,3,,0,15.0,3,,13,
53,4,,0,21.0,2,3.0,16,
54,1,,1,,2,2.0,13,
55,1,80.0,1,,4,2.0,15,
56,4,,3,17.0,3,3.0,13,
57,3,,0,16.0,2,2.0,15,
58,3,80.0,1,17.0,1,4.0,15,
59,1,,1,15.0,2,2.0,12,
60,4,80.0,0,16.0,3,4.0,13,
61,1,80.0,2,15.0,2,3.0,13,
62,2,,0,,3,3.0,17,
63,3,,1,15.0,2,1.0,13,
64,4,,1,22.0,2,3.0,12,
65,2,80.0,0,27.0,3,3.0,15,11.0
66,3,80.0,1,,2,3.0,12,
67,2,,0,,3,3.0,20,
68,2,,3,15.0,0,3.0,12,
69,4,80.0,0,14.0,2,4.0,14,
70,4,80.0,1,,5,3.0,14,
71,3,,3,,3,3.0,14,11.0
72,2,80.0,1,,3,3.0,15,
73,4,80.0,2,19.0,4,,13,
74,4,,3,14.0,6,,14,
75,3,,1,,4,3.0,22,
76,3,,1,20.0,3,3.0,20,
77,1,,1,16.0,2,3.0,16,
78,1,80.0,3,11.0,3,3.0,11,
79,3,,0,38.0,1,2.0,37,
80,4,80.0,0,14.0,6,3.0,11,
81,4,,1,40.0,3,2.0,40,
82,3,,2,,6,2.0,16,
83,4,,1,11.0,5,3.0,11,
84,3,,0,37.0,2,3.0,36,
85,2,,0,,2,3.0,22,
86,1,80.0,3,19.0,5,2.0,18,
87,2,,1,,3,3.0,11,
88,3,80.0,1,,3,,25,
89,2,80.0,1,13.0,5,1.0,13,
90,2,,1,28.0,2,3.0,27,
91,1,,0,,2,3.0,13,
92,3,,0,20.0,3,,19,
93,3,,1,,3,2.0,16,
94,4,,1,14.0,6,3.0,11,
95,4,80.0,1,15.0,2,3.0,15,
96,2,,1,15.0,5,3.0,14,
97,3,,0,12.0,2,2.0,11,
98,1,,0,26.0,2,3.0,24,
99,1,,1,,5,2.0,29,
100,2,,1,12.0,4,3.0,11,
101,1,,1,,3,3.0,14,
102,3,,1,,3,,15,
103,4,,3,13.0,3,3.0,11,
104,4,,0,29.0,3,3.0,22,
105,2,,0,16.0,3,3.0,15,
106,3,,2,14.0,3,3.0,14,
107,3,,1,10.0,1,3.0,10,
108,3,,1,21.0,5,2.0,10,
109,4,80.0,0,,2,1.0,11,
110,3,,1,20.0,2,,17,
111,3,,1,,2,3.0,10,
112,3,80.0,2,12.0,4,3.0,12,
113,3,,0,10.0,2,2.0,10,
114,4,,2,16.0,5,1.0,10,
115,2,,1,13.0,3,3.0,11,
116,3,,2,12.0,3,2.0,11,
117,1,,1,24.0,2,3.0,24,
118,4,,0,21.0,3,3.0,21,
119,1,,1,10.0,2,3.0,10,
120,1,,1,,2,3.0,21,
121,1,80.0,2,12.0,3,3.0,10,
122,3,,3,10.0,2,3.0,10,
123,3,,0,11.0,2,2.0,11,
124,1,,1,16.0,2,3.0,13,
125,2,,2,10.0,2,3.0,10,
126,4,,0,37.0,2,3.0,10,
127,3,,0,15.0,2,3.0,11,
128,4,80.0,1,10.0,5,2.0,10,
129,2,,2,18.0,3,3.0,10,
130,3,,1,,5,3.0,31,
131,4,80.0,1,,4,2.0,10,
132,3,80.0,0,10.0,2,2.0,10,
133,4,,0,,3,4.0,13,
134,3,,0,33.0,0,3.0,12,
135,3,,1,29.0,3,2.0,26,
136,2,80.0,1,,2,3.0,10,
137,1,,1,20.0,4,2.0,19,
138,4,,1,,3,3.0,12,
139,1,,0,18.0,0,3.0,11,
140,2,,0,,2,2.0,21,
141,3,,0,14.0,3,3.0,13,
142,1,,1,12.0,2,3.0,11,
143,1,80.0,0,36.0,2,3.0,10,
144,2,,0,10.0,2,3.0,10,
145,3,80.0,1,26.0,5,3.0,22,
146,4,,1,,3,3.0,33,
147,4,,2,,4,2.0,25,
148,4,,2,14.0,5,4.0,10,
149,4,,2,,4,3.0,19,
150,4,,1,23.0,5,3.0,19,
151,2,80.0,1,,2,3.0,33,
152,4,80.0,0,,0,2.0,10,
153,3,,0,11.0,2,3.0,10,
154,1,,0,,3,2.0,10,
155,4,80.0,0,15.0,2,3.0,13,
156,3,,0,12.0,3,3.0,12,
157,1,,1,13.0,2,2.0,12,
158,3,,0,16.0,2,4.0,15,
159,1,,1,26.0,2,3.0,14,
160,4,80.0,0,,3,3.0,10,
161,4,,0,,3,,10,
162,4,,2,,3,2.0,10,
163,1,,0,13.0,2,4.0,11,
164,2,,0,10.0,3,3.0,10,
165,1,,1,10.0,3,3.0,10,
166,4,,1,37.0,0,2.0,16,
167,1,,1,10.0,4,3.0,10,
168,2,,1,10.0,1,3.0,10,
169,1,80.0,1,35.0,0,3.0,10,
170,4,80.0,0,20.0,2,3.0,20,
171,1,,1,10.0,2,4.0,10,
172,4,80.0,1,14.0,4,1.0,10,
173,1,80.0,1,,2,2.0,20,
174,3,80.0,0,,3,3.0,25,
175,4,,0,9.0,0,3.0,9,
176,4,,0,12.0,2,,12,
177,4,80.0,1,9.0,3,2.0,9,
178,2,,1,9.0,3,3.0,9,
179,3,,2,,1,,10,
180,4,,0,9.0,3,3.0,9,
181,2,,3,11.0,4,2.0,11,
182,1,80.0,0,12.0,0,3.0,11,
183,1,,2,,3,3.0,10,
184,4,80.0,0,9.0,2,3.0,9,
185,1,,1,,2,3.0,9,
186,2,,1,21.0,2,3.0,20,
187,4,,1,22.0,1,3.0,20,
188,3,80.0,0,14.0,2,2.0,14,
189,3,80.0,0,,2,3.0,11,
190,3,,3,,1,3.0,10,
191,3,80.0,1,13.0,2,3.0,9,
192,1,,2,,3,3.0,9,
193,3,,1,11.0,3,3.0,9,
194,3,,1,13.0,3,2.0,13,
195,3,,1,,2,3.0,10,
196,4,80.0,2,11.0,2,3.0,10,
197,3,,1,21.0,3,3.0,21,
198,4,80.0,0,33.0,5,1.0,29,
199,3,,0,10.0,3,3.0,9,
200,4,,1,,6,4.0,13,
201,1,80.0,0,,3,3.0,10,
202,3,,3,20.0,3,3.0,20,
203,4,,2,10.0,2,3.0,10,
204,4,80.0,1,10.0,3,2.0,9,
205,1,,2,,3,4.0,9,
206,2,,1,,3,3.0,9,
207,1,,1,9.0,5,3.0,9,
208,3,80.0,0,31.0,3,3.0,9,
209,4,80.0,1,10.0,3,3.0,10,
210,1,,1,,2,2.0,16,
211,4,,1,,2,2.0,9,
212,3,,0,,6,3.0,11,
213,2,80.0,1,26.0,2,,9,
214,4,,0,10.0,2,3.0,10,
215,3,80.0,1,9.0,2,3.0,9,
216,2,,0,15.0,2,2.0,14,
217,2,80.0,1,22.0,3,3.0,9,
218,1,,1,11.0,3,1.0,11,
219,1,,1,,5,3.0,10,
220,2,80.0,1,14.0,2,2.0,14,
221,4,,2,,3,3.0,9,
222,3,80.0,2,15.0,2,4.0,11,
223,1,,3,10.0,6,3.0,9,
224,1,,1,10.0,5,2.0,10,
225,4,80.0,0,21.0,3,2.0,20,
226,3,80.0,0,9.0,4,3.0,9,
227,4,,0,,6,4.0,10,
228,3,,1,,3,3.0,9,
229,1,,0,,2,3.0,10,
230,3,,1,16.0,5,3.0,9,
231,2,,0,35.0,2,2.0,9,
232,4,,2,16.0,3,2.0,14,
233,4,,0,,3,1.0,11,
234,1,,0,,2,3.0,10,
235,3,80.0,1,24.0,3,1.0,20,
236,1,,3,,4,3.0,10,
237,4,,1,,4,3.0,10,
238,4,80.0,1,10.0,3,3.0,9,
239,3,80.0,1,32.0,3,3.0,30,
240,4,,1,,3,,10,
241,3,80.0,1,11.0,2,3.0,11,
242,3,80.0,1,36.0,6,3.0,10,
243,2,,0,,3,3.0,10,
244,4,,1,,2,3.0,9,
245,2,,0,,3,2.0,21,
246,4,,2,11.0,2,2.0,9,
247,4,80.0,1,15.0,1,3.0,12,
248,2,,1,14.0,1,3.0,10,
249,3,,2,10.0,5,3.0,10,
250,2,,0,,3,4.0,11,
251,3,,1,12.0,4,2.0,9,
252,4,,1,,5,3.0,9,
253,1,,1,10.0,2,3.0,10,
254,4,,2,10.0,2,2.0,9,
255,1,,0,14.0,3,2.0,14,
256,2,,0,10.0,6,3.0,10,
257,4,80.0,0,10.0,2,3.0,10,
258,1,,0,21.0,3,3.0,20,
259,3,,1,,4,3.0,11,
260,3,80.0,0,12.0,6,2.0,12,
261,1,80.0,2,14.0,3,1.0,13,
262,2,,2,16.0,3,,9,
263,4,80.0,1,10.0,3,3.0,10,
264,3,,0,,3,3.0,8,
265,3,80.0,0,8.0,2,2.0,7,
266,2,,0,,2,3.0,9,
267,2,,2,17.0,3,2.0,7,
268,4,,1,10.0,2,3.0,9,
269,4,,1,,3,2.0,7,
270,4,80.0,0,11.0,2,3.0,11,
271,4,,0,11.0,2,1.0,10,
272,4,,0,9.0,3,,9,
273,3,80.0,1,10.0,6,3.0,9,
274,3,80.0,3,,2,2.0,10,
275,1,,1,,2,4.0,7,7.0
276,2,80.0,0,,3,2.0,7,
277,3,,1,,2,3.0,9,
278,4,,1,8.0,3,3.0,8,
279,4,,3,,2,4.0,8,
280,1,,1,20.0,2,3.0,20,
281,4,,1,13.0,3,1.0,7,
282,1,,1,10.0,1,3.0,10,
283,3,,0,13.0,3,2.0,8,
284,4,,1,8.0,5,3.0,8,
285,3,,0,,6,3.0,7,
286,4,,0,,2,2.0,7,
287,1,,1,,3,2.0,8,
288,1,,1,9.0,3,1.0,7,
289,1,80.0,2,7.0,0,3.0,7,
290,4,,0,7.0,2,3.0,7,
291,4,,0,23.0,2,3.0,19,
292,1,,0,10.0,3,4.0,10,
293,1,,0,13.0,3,4.0,9,
294,4,80.0,0,33.0,2,4.0,33,
295,4,,1,,5,3.0,21,
296,4,,1,13.0,0,3.0,8,
297,2,,1,28.0,2,2.0,7,
298,2,,0,21.0,2,3.0,20,
299,4,,1,,2,2.0,10,
300,2,,1,10.0,6,2.0,7,
301,1,,0,,3,,10,
302,4,,1,12.0,4,3.0,10,
303,2,,0,,0,,8,
304,2,,1,10.0,3,2.0,8,
305,1,,0,,5,3.0,8,
306,4,,3,13.0,3,3.0,7,
307,3,80.0,0,,0,2.0,7,
308,3,,0,,6,2.0,7,
309,2,80.0,1,9.0,3,4.0,9,
310,4,,0,7.0,4,2.0,7,
311,1,,1,8.0,3,3.0,8,
312,1,,2,7.0,2,3.0,7,
313,1,80.0,2,13.0,2,3.0,7,
314,2,80.0,1,,3,3.0,8,
315,3,,1,,3,3.0,7,
316,3,,0,8.0,5,3.0,8,
317,3,,1,18.0,2,2.0,7,
318,3,,1,,2,2.0,18,
319,4,80.0,3,36.0,0,2.0,7,
320,3,80.0,1,10.0,2,3.0,10,
321,3,,1,19.0,5,2.0,10,
322,3,80.0,0,12.0,2,2.0,11,
323,3,,0,10.0,2,3.0,8,
324,1,,1,14.0,2,3.0,9,
325,2,,1,,3,4.0,8,
326,2,80.0,1,8.0,2,,7,
327,1,80.0,0,10.0,3,3.0,8,
328,4,80.0,0,10.0,3,3.0,10,
329,4,,2,13.0,4,4.0,7,
330,2,,1,10.0,3,3.0,8,
331,4,,0,18.0,2,4.0,14,
332,3,80.0,1,,2,3.0,10,
333,3,80.0,1,16.0,1,4.0,9,
334,1,,0,,2,3.0,7,
335,4,,1,10.0,5,3.0,10,
336,2,,0,9.0,3,4.0,8,
337,1,,0,20.0,4,3.0,20,7.0
338,4,,0,10.0,2,2.0,10,
339,3,,0,10.0,4,,9,
340,4,,0,9.0,3,3.0,9,
341,4,,0,10.0,6,3.0,7,
342,4,,0,20.0,2,3.0,7,
343,3,,2,9.0,4,2.0,9,
344,2,80.0,1,22.0,3,3.0,22,
345,4,80.0,0,10.0,4,3.0,7,
346,1,80.0,1,10.0,2,3.0,8,
347,4,80.0,1,10.0,2,2.0,8,
348,3,,0,30.0,1,2.0,10,
349,1,,0,9.0,3,3.0,8,
350,2,80.0,0,10.0,1,3.0,10,
351,1,,1,11.0,3,2.0,8,
352,4,,0,17.0,2,3.0,15,
353,4,,1,8.0,2,3.0,8,
354,2,,1,24.0,4,2.0,24,
355,1,,1,,2,3.0,9,
356,3,,1,10.0,3,3.0,10,
357,3,80.0,0,,3,2.0,9,
358,1,,0,8.0,2,3.0,8,
359,1,,1,8.0,2,3.0,8,
360,4,80.0,0,8.0,0,3.0,8,
361,3,80.0,1,,1,2.0,7,
362,2,80.0,0,,2,4.0,7,
363,2,,0,,2,3.0,7,
364,3,,2,10.0,2,1.0,9,
365,3,,1,8.0,2,4.0,8,
366,1,,1,,6,3.0,16,
367,2,,0,,5,2.0,9,
368,4,,0,9.0,3,3.0,8,
369,4,,2,12.0,3,3.0,7,
370,2,,1,,3,3.0,8,
371,3,80.0,1,22.0,2,3.0,10,
372,3,,3,,4,2.0,8,
373,2,,0,,2,3.0,8,
374,4,80.0,2,,3,3.0,8,
375,1,,1,,3,3.0,18,
376,2,,0,10.0,2,3.0,8,
377,1,,1,30.0,2,,15,
378,2,80.0,1,8.0,3,2.0,7,
379,2,,0,,3,4.0,9,
380,1,,0,10.0,2,2.0,10,
381,4,80.0,0,,4,4.0,8,
382,1,80.0,0,9.0,2,3.0,8,
383,2,,0,14.0,4,3.0,13,
384,2,,1,7.0,3,4.0,7,
385,2,,2,9.0,2,,8,
386,2,80.0,3,,3,2.0,9,
387,3,,1,18.0,1,3.0,8,
388,4,,3,21.0,4,3.0,18,
389,1,80.0,0,,2,,20,
390,3,80.0,1,10.0,2,2.0,10,
391,3,,0,20.0,3,2.0,18,
392,2,,1,8.0,2,3.0,8,
393,2,80.0,1,15.0,2,4.0,7,
394,2,,1,26.0,6,3.0,7,
395,4,,3,15.0,2,3.0,7,
396,1,,1,,3,2.0,10,
397,3,,1,,4,3.0,7,
398,1,,3,,4,2.0,10,
399,2,,1,12.0,3,3.0,11,
400,4,,0,10.0,2,3.0,8,
401,3,,1,17.0,2,3.0,7,
402,4,80.0,2,,3,2.0,9,
403,2,80.0,1,,2,3.0,8,
404,2,,2,9.0,2,2.0,7,
405,4,,0,,6,2.0,9,
406,4,,0,23.0,3,4.0,21,
407,4,80.0,1,,2,3.0,10,
408,1,,2,10.0,2,3.0,7,
409,3,,2,,4,4.0,10,
410,1,,0,,0,3.0,7,
411,3,,0,,2,2.0,8,
412,1,,0,,6,,8,
413,4,80.0,1,10.0,0,2.0,9,
414,4,,1,11.0,3,3.0,7,
415,4,,1,,2,2.0,15,
416,2,80.0,1,10.0,0,3.0,9,
417,3,80.0,0,,2,2.0,19,
418,1,,2,10.0,1,3.0,8,
419,1,,0,20.0,3,1.0,20,
420,3,80.0,1,21.0,5,3.0,20,
421,4,,0,8.0,2,3.0,7,
422,1,,0,,1,3.0,8,
423,4,,0,29.0,3,2.0,20,
424,4,80.0,2,31.0,4,4.0,7,
425,3,80.0,2,11.0,2,,8,
426,1,,1,13.0,5,3.0,13,
427,1,,1,28.0,1,4.0,7,
428,2,80.0,1,,2,3.0,7,
429,2,,2,29.0,3,3.0,8,
430,3,,2,10.0,3,3.0,10,
431,3,,0,,2,1.0,9,
432,3,,1,9.0,3,3.0,7,
433,4,80.0,0,21.0,2,3.0,21,
434,3,,1,18.0,2,,8,
435,2,,1,,4,3.0,33,
436,4,80.0,1,,4,2.0,22,
437,1,,0,10.0,3,3.0,10,
438,1,80.0,1,10.0,2,,10,
439,1,,1,9.0,3,,9,
440,4,,3,,3,3.0,7,
441,1,,2,7.0,3,3.0,7,
442,1,,2,10.0,3,3.0,10,
443,3,,0,14.0,3,3.0,10,
444,3,,2,7.0,6,3.0,7,
445,1,80.0,0,23.0,2,3.0,8,
446,3,80.0,2,19.0,3,3.0,9,
447,3,80.0,0,7.0,5,3.0,7,
448,2,,1,,2,3.0,8,
449,3,,0,17.0,2,2.0,13,
450,4,,0,19.0,3,3.0,10,
451,2,80.0,1,17.0,3,3.0,7,
452,4,80.0,0,10.0,2,,9,
453,1,80.0,1,,2,3.0,7,
454,4,,0,13.0,2,2.0,11,
455,2,,0,12.0,3,3.0,7,
456,2,80.0,0,,5,3.0,9,
457,1,,2,,3,3.0,12,
458,4,80.0,0,,2,3.0,10,
459,3,,1,15.0,6,3.0,7,
460,2,,0,9.0,3,3.0,7,
461,4,,1,13.0,2,4.0,9,7.0
462,2,,2,10.0,3,4.0,8,
463,3,,1,7.0,5,3.0,7,
464,3,80.0,3,14.0,2,3.0,8,
465,1,,1,22.0,3,,19,
466,2,,0,9.0,5,2.0,8,
467,2,80.0,1,18.0,3,4.0,13,
468,1,,1,8.0,3,3.0,7,
469,3,,1,7.0,2,3.0,7,
470,3,80.0,1,,4,4.0,8,
471,3,,1,9.0,2,2.0,8,
472,4,,0,8.0,6,,7,
473,1,,0,,5,,7,
474,3,,0,10.0,4,3.0,10,
475,3,,3,9.0,2,3.0,9,
476,3,,1,13.0,2,4.0,11,
477,2,,0,10.0,5,3.0,10,
478,1,,1,,6,3.0,9,
479,1,,0,,2,3.0,7,
480,3,,2,10.0,2,3.0,9,
481,3,,1,21.0,3,3.0,20,
482,4,,2,8.0,2,3.0,8,
483,3,,1,10.0,1,3.0,10,
484,1,80.0,1,,5,3.0,7,
485,3,,0,,4,3.0,12,6.0
486,4,,1,24.0,4,3.0,22,
487,3,,0,14.0,4,3.0,9,
488,2,,1,,2,2.0,7,
489,4,,0,20.0,1,3.0,19,
490,3,80.0,1,10.0,4,3.0,9,
491,2,80.0,2,12.0,2,3.0,10,
492,4,80.0,0,17.0,5,3.0,16,
493,4,,0,15.0,2,4.0,7,
494,3,,0,22.0,3,3.0,20,
495,2,,3,23.0,2,2.0,21,
496,1,,0,,2,1.0,7,
497,1,,0,,3,4.0,34,
498,3,,1,,2,2.0,20,
499,1,,1,8.0,2,3.0,7,
500,4,,1,31.0,3,3.0,31,
501,4,,1,10.0,2,1.0,10,
502,3,,1,,3,3.0,21,
503,3,,0,,2,3.0,21,
504,3,80.0,0,,3,3.0,10,
505,4,80.0,1,24.0,1,3.0,20,
506,4,,1,23.0,3,3.0,22,
507,4,,0,18.0,4,,8,
508,4,,1,7.0,2,4.0,7,
509,3,80.0,0,10.0,3,4.0,7,
510,2,,0,,3,3.0,9,
511,2,,2,8.0,2,2.0,8,
512,3,,1,,1,4.0,20,
513,4,,0,,2,3.0,32,
514,3,80.0,1,36.0,3,3.0,36,
515,1,,1,11.0,3,3.0,7,
516,4,,1,10.0,3,2.0,9,
517,3,,0,21.0,2,3.0,21,6.0
518,2,,1,,5,2.0,10,
519,4,,1,,2,,7,
520,1,,0,24.0,2,2.0,22,
521,4,80.0,0,17.0,3,2.0,9,
522,4,,0,10.0,3,3.0,9,
523,3,,0,,2,3.0,9,
524,3,80.0,1,,2,,7,
525,3,,0,6.0,3,3.0,6,
526,2,,0,9.0,2,2.0,6,
527,1,,0,6.0,1,3.0,6,
528,1,80.0,1,6.0,6,1.0,6,
529,4,,0,,1,3.0,7,
530,4,80.0,3,7.0,4,4.0,6,
531,3,80.0,0,10.0,2,4.0,6,
532,4,,0,,3,4.0,6,
533,4,,1,9.0,6,3.0,9,
534,2,,1,8.0,2,2.0,6,
535,2,,2,,3,3.0,6,
536,3,80.0,1,,2,3.0,32,
537,4,,1,6.0,3,3.0,6,
538,2,80.0,2,,3,3.0,6,
539,2,,0,6.0,5,2.0,6,
540,3,,0,6.0,5,3.0,6,
541,3,80.0,0,6.0,3,3.0,6,
542,2,,0,17.0,3,4.0,8,
543,4,,0,6.0,3,2.0,6,
544,1,,1,,2,3.0,6,
545,1,,1,11.0,1,3.0,7,
546,4,,2,8.0,2,2.0,7,
547,1,80.0,0,,3,2.0,6,
548,3,,3,6.0,2,3.0,6,
549,4,,1,10.0,5,3.0,10,
550,4,,0,6.0,2,2.0,6,
551,2,80.0,0,,2,2.0,8,
552,3,80.0,1,17.0,2,2.0,6,
553,1,,0,7.0,2,1.0,6,
554,2,,1,9.0,3,2.0,6,
555,3,,2,10.0,4,2.0,9,
556,3,80.0,1,7.0,2,3.0,6,
557,3,,0,25.0,3,1.0,23,
558,1,,0,8.0,0,1.0,6,
559,3,,1,6.0,5,3.0,5,
560,4,,1,,3,3.0,5,
561,2,80.0,2,10.0,3,3.0,10,
562,1,,0,6.0,3,3.0,6,
563,1,,0,37.0,3,2.0,6,
564,2,80.0,0,5.0,3,4.0,5,
565,4,,0,,1,3.0,6,
566,1,,3,7.0,2,3.0,5,
567,3,,0,5.0,3,2.0,5,
568,1,80.0,0,,2,4.0,5,
569,3,80.0,0,,4,2.0,5,
570,2,,0,,5,3.0,5,
571,1,,0,8.0,2,,5,
572,1,,1,9.0,3,4.0,5,
573,4,,3,7.0,3,4.0,5,
574,4,,3,10.0,3,2.0,10,
575,4,,1,6.0,2,3.0,5,
576,3,,1,8.0,2,1.0,5,
577,2,80.0,0,,2,4.0,5,
578,2,,1,,5,4.0,5,
579,1,,2,28.0,4,2.0,10,
580,4,,1,,2,,20,
581,1,80.0,0,5.0,3,3.0,5,
582,4,,1,,0,,5,
583,4,,0,,3,3.0,5,
584,2,80.0,1,,3,3.0,5,4.0
585,1,,2,8.0,6,3.0,6,
586,3,,0,,2,3.0,5,
587,3,,0,,2,3.0,6,
588,3,,2,,5,3.0,5,
589,2,,0,5.0,3,3.0,5,
590,2,,0,,6,3.0,5,
591,3,80.0,0,,4,3.0,5,
592,2,,1,19.0,3,3.0,5,
593,3,,0,11.0,2,3.0,5,
594,3,,0,,2,3.0,5,
595,3,80.0,1,10.0,3,2.0,5,
596,4,80.0,0,5.0,3,3.0,5,
597,3,,0,7.0,1,3.0,7,
598,4,,1,6.0,2,,6,
599,4,,0,8.0,2,3.0,5,
600,2,80.0,1,10.0,3,2.0,5,
601,3,80.0,1,18.0,2,3.0,5,
602,3,80.0,0,,3,3.0,5,
603,2,,1,,2,3.0,6,
604,2,80.0,1,,3,3.0,5,4.0
605,3,80.0,2,13.0,2,3.0,5,
606,1,80.0,0,,6,3.0,5,
607,1,,1,,2,4.0,8,
608,3,,1,32.0,1,2.0,5,
609,3,,1,14.0,1,1.0,6,
610,2,80.0,1,13.0,4,3.0,9,
611,2,,1,18.0,4,3.0,5,
612,3,,0,,3,2.0,5,
613,3,80.0,0,9.0,2,2.0,5,
614,2,,0,6.0,2,1.0,5,
615,4,80.0,0,,3,,6,
616,3,,0,6.0,4,3.0,6,
617,1,,1,6.0,2,2.0,5,
618,4,,1,5.0,2,3.0,5,
619,1,,1,33.0,2,1.0,5,
620,3,,1,,2,3.0,11,
621,3,,0,10.0,3,3.0,8,4.0
622,1,,1,,3,3.0,10,
623,3,80.0,0,9.0,2,3.0,5,
624,3,,3,5.0,2,3.0,5,
625,4,,2,8.0,2,4.0,5,
626,4,,0,8.0,2,3.0,6,
627,1,,0,8.0,2,4.0,5,
628,2,,1,13.0,2,3.0,6,
629,3,,0,12.0,2,1.0,5,
630,4,,0,15.0,3,3.0,5,
631,3,80.0,0,10.0,2,2.0,10,
632,3,,2,,3,3.0,5,
633,1,,1,7.0,2,2.0,5,
634,4,,0,,4,3.0,5,
635,4,,0,8.0,5,3.0,5,
636,3,80.0,1,,4,2.0,5,
637,2,,0,15.0,3,1.0,5,
638,4,,1,,3,3.0,5,
639,4,80.0,0,,5,4.0,8,
640,4,80.0,1,6.0,0,4.0,6,
641,3,,1,5.0,2,3.0,5,
642,3,,1,,0,,6,
643,2,,1,6.0,3,2.0,6,
644,4,80.0,1,10.0,6,4.0,5,
645,1,,1,8.0,2,1.0,8,
646,3,,0,,3,3.0,5,
647,1,,1,13.0,3,3.0,5,
648,1,80.0,0,5.0,2,3.0,5,
649,3,80.0,0,6.0,2,4.0,5,
650,4,80.0,0,9.0,3,2.0,5,
651,2,,1,5.0,3,3.0,5,
652,2,,1,6.0,2,4.0,5,
653,2,80.0,1,15.0,3,3.0,7,
654,3,80.0,0,6.0,3,2.0,5,
655,3,80.0,1,14.0,3,3.0,5,
656,2,,0,,2,2.0,10,
657,4,,0,28.0,3,3.0,5,
658,2,80.0,0,5.0,3,3.0,5,
659,3,,1,14.0,5,3.0,5,
660,2,80.0,0,5.0,3,1.0,5,
661,2,,0,10.0,2,3.0,9,
662,2,,0,,4,,5,
663,4,,2,6.0,3,2.0,5,
664,1,80.0,2,,3,3.0,5,
665,3,,1,9.0,2,2.0,4,
666,4,,0,10.0,2,3.0,10,
667,4,,1,,2,2.0,27,
668,4,80.0,0,20.0,2,2.0,4,
669,4,,1,22.0,3,2.0,22,
670,1,80.0,1,16.0,5,1.0,4,
671,1,,0,28.0,1,2.0,8,
672,3,,0,,3,3.0,5,
673,3,80.0,1,,2,3.0,5,
674,1,,0,,3,3.0,5,
675,4,,0,6.0,3,3.0,5,
676,4,,1,,3,3.0,4,
677,2,,1,12.0,2,1.0,5,
678,3,,0,12.0,2,4.0,8,
679,4,,0,4.0,5,2.0,4,
680,2,80.0,1,11.0,5,3.0,5,
681,4,,1,,4,4.0,5,
682,3,80.0,0,9.0,5,2.0,6,
683,3,80.0,0,4.0,3,,4,
684,1,,1,,5,3.0,4,
685,4,,2,6.0,2,3.0,6,
686,4,,3,21.0,5,2.0,5,
687,3,,1,5.0,3,3.0,5,
688,4,80.0,0,,3,3.0,5,
689,3,,0,9.0,2,3.0,8,
690,4,,1,,2,3.0,5,
691,2,80.0,0,4.0,2,,4,
692,4,,0,20.0,4,2.0,4,
693,3,,3,,2,2.0,4,
694,1,,1,,3,2.0,4,
695,4,,0,20.0,2,3.0,4,
696,2,,0,6.0,4,3.0,5,
697,3,,1,9.0,3,1.0,5,
698,3,,1,14.0,3,3.0,7,
699,1,,3,8.0,2,3.0,4,
700,4,80.0,0,,3,2.0,10,
701,4,,0,,3,3.0,14,
702,1,,1,,3,3.0,8,
703,4,,2,,5,4.0,5,
704,4,80.0,1,6.0,4,3.0,6,
705,3,,2,6.0,5,2.0,5,
706,2,,1,5.0,3,3.0,4,
707,1,,1,18.0,4,3.0,4,
708,4,80.0,1,5.0,2,4.0,4,
709,3,80.0,1,,3,1.0,8,
710,1,,1,,3,3.0,4,
711,3,,0,,2,2.0,4,
712,2,,2,,4,3.0,5,
713,2,80.0,2,,3,2.0,5,
714,4,,0,,3,3.0,4,
715,4,,1,8.0,4,3.0,4,
716,3,80.0,1,,3,2.0,4,
717,3,,0,,3,2.0,4,
718,3,,1,9.0,3,2.0,5,
719,4,,0,5.0,3,3.0,5,
720,2,,1,17.0,1,2.0,5,
721,3,,1,,4,4.0,4,
722,3,80.0,3,8.0,5,3.0,4,
723,2,80.0,0,6.0,1,3.0,5,
724,4,80.0,2,8.0,2,3.0,5,
725,3,,1,4.0,1,3.0,4,
726,1,,1,4.0,3,2.0,4,
727,1,80.0,0,,4,3.0,5,
728,2,,1,26.0,4,4.0,9,
729,1,,0,,3,3.0,6,
730,1,,0,8.0,3,2.0,4,
731,3,80.0,2,,5,3.0,5,
732,1,,2,6.0,2,3.0,5,
733,1,80.0,0,,2,1.0,5,
734,4,,0,6.0,2,3.0,4,
735,1,,1,,3,3.0,10,
736,2,,0,7.0,2,2.0,4,
737,3,,3,8.0,3,3.0,4,
738,3,,1,,3,2.0,6,
739,1,,1,,3,4.0,4,
740,2,,0,5.0,4,3.0,4,
741,2,,3,,2,,5,
742,1,,0,36.0,4,3.0,7,
743,4,,1,,2,3.0,9,
744,3,,1,5.0,0,3.0,5,
745,2,,1,,3,2.0,5,
746,4,,0,5.0,2,3.0,4,
747,1,80.0,0,20.0,2,,4,3.0
748,3,80.0,2,10.0,2,3.0,4,
749,3,80.0,1,7.0,3,,4,
750,1,,2,5.0,2,3.0,4,
751,1,,0,7.0,4,1.0,5,
752,1,80.0,1,6.0,3,4.0,5,
753,2,,0,5.0,2,3.0,4,
754,4,,0,5.0,2,3.0,5,
755,1,,2,6.0,5,3.0,5,
756,3,,0,10.0,2,3.0,6,
757,2,,1,6.0,5,2.0,5,
758,1,,3,,2,2.0,4,3.0
759,3,,0,6.0,2,3.0,6,
760,3,,0,,4,3.0,4,
761,2,,0,4.0,3,3.0,4,
762,3,,0,11.0,2,3.0,4,
763,3,,2,6.0,2,2.0,6,
764,4,,1,5.0,1,3.0,5,
765,3,,1,,2,3.0,5,
766,3,,1,,2,1.0,4,
767,2,,3,7.0,6,2.0,5,
768,2,80.0,2,5.0,2,3.0,5,
769,3,,3,,2,2.0,5,
770,3,,1,5.0,6,4.0,5,
771,3,80.0,0,,3,3.0,4,
772,4,80.0,1,7.0,5,2.0,4,
773,2,80.0,0,10.0,4,,10,
774,4,,1,12.0,3,3.0,5,
775,1,,0,,4,3.0,5,
776,2,,2,10.0,1,2.0,6,
777,4,,3,9.0,3,3.0,5,
778,3,,1,16.0,2,3.0,5,
779,3,,1,6.0,3,2.0,5,
780,4,,1,,2,1.0,5,
781,3,,0,5.0,3,2.0,5,
782,1,,1,6.0,5,2.0,5,
783,3,,2,9.0,6,2.0,4,
784,2,,0,4.0,2,2.0,4,
785,4,,1,10.0,1,3.0,8,
786,3,,1,9.0,3,2.0,4,
787,1,,1,,3,3.0,5,
788,2,,1,6.0,3,2.0,5,
789,3,,0,6.0,2,3.0,4,
790,4,,2,12.0,3,,6,
791,1,,1,8.0,2,2.0,6,
792,3,,0,,3,3.0,5,
793,2,,3,20.0,2,3.0,5,
794,4,,1,4.0,5,3.0,4,
795,1,,1,10.0,2,3.0,4,
796,1,,0,,3,4.0,4,
797,4,80.0,1,6.0,3,3.0,2,
798,4,,1,5.0,1,2.0,5,
799,3,,1,3.0,2,3.0,2,
800,2,,0,6.0,4,3.0,4,
801,4,80.0,2,7.0,5,2.0,6,
802,3,,0,6.0,3,3.0,3,
803,4,,1,5.0,5,2.0,4,
804,3,,0,,2,3.0,4,
805,2,,0,,5,3.0,10,
806,4,,0,22.0,2,2.0,2,
807,4,,0,,5,4.0,4,
808,3,,0,3.0,2,3.0,3,
809,1,,0,2.0,3,3.0,2,
810,3,,0,2.0,3,2.0,2,
811,3,,1,5.0,2,2.0,2,
812,3,,1,4.0,3,3.0,2,
813,4,,1,5.0,2,2.0,3,
814,1,80.0,0,,3,4.0,5,
815,4,80.0,1,,2,3.0,4,
816,3,80.0,0,,2,3.0,5,
817,2,,2,10.0,4,3.0,4,
818,1,,1,4.0,2,2.0,3,
819,3,,1,,3,4.0,3,
820,4,,0,,3,3.0,3,
821,4,80.0,1,,3,3.0,3,
822,3,,2,,2,,2,
823,4,,0,,2,3.0,3,
824,4,,0,16.0,3,,2,
825,3,,1,4.0,2,3.0,2,
826,4,,2,7.0,0,3.0,3,
827,4,,0,18.0,2,3.0,4,
828,4,,0,,3,3.0,2,
829,2,,0,19.0,2,,3,
830,4,,1,8.0,3,3.0,3,
831,1,80.0,2,2.0,6,3.0,2,
832,4,80.0,1,,1,1.0,2,
833,3,,1,5.0,2,1.0,5,
834,4,,1,6.0,3,2.0,5,
835,3,80.0,1,,3,,2,
836,3,,0,,3,,2,
837,3,80.0,1,7.0,0,3.0,4,
838,4,,0,9.0,3,3.0,3,
839,4,,1,,2,2.0,3,
840,3,,2,5.0,3,3.0,4,2.0
841,4,,0,,5,3.0,6,
842,3,,1,,1,3.0,2,
843,3,,1,,2,4.0,7,
844,1,,1,4.0,2,2.0,4,
845,4,80.0,1,5.0,5,1.0,3,
846,3,80.0,1,17.0,3,3.0,4,
847,3,,0,8.0,5,3.0,5,
848,4,,0,,1,2.0,6,
849,4,,1,16.0,4,3.0,6,
850,4,,0,,3,3.0,3,
851,2,,0,,3,2.0,2,
852,4,,0,,2,2.0,2,
853,4,,0,4.0,2,1.0,3,
854,3,80.0,3,7.0,1,3.0,3,
855,1,80.0,0,4.0,2,3.0,3,
856,1,,1,,3,3.0,2,
857,3,,1,2.0,2,2.0,2,
858,4,,1,9.0,1,3.0,3,
859,3,,0,,1,3.0,3,
860,4,,1,,2,3.0,3,
861,4,,2,5.0,3,3.0,4,
862,4,80.0,0,9.0,5,3.0,6,
863,4,,1,,3,,5,
864,1,80.0,0,,4,4.0,3,
865,1,,2,,2,3.0,5,
866,2,80.0,1,,2,3.0,2,
867,4,80.0,1,,2,3.0,3,
868,4,,0,,4,3.0,3,
869,3,,1,2.0,5,2.0,2,
870,3,80.0,3,,3,2.0,4,
871,3,,1,,4,3.0,5,
872,4,,0,,1,3.0,2,
873,2,,1,3.0,2,1.0,2,
874,1,80.0,0,11.0,3,2.0,8,
875,4,,0,,4,2.0,3,
876,2,80.0,1,21.0,2,3.0,3,
877,3,80.0,0,4.0,2,,3,
878,3,,2,8.0,2,2.0,6,
879,3,,2,,2,2.0,4,
880,3,,1,4.0,5,3.0,3,
881,2,,1,4.0,2,4.0,2,
882,3,,0,3.0,3,3.0,3,
883,3,,0,,2,3.0,3,
884,3,,0,3.0,3,2.0,3,2.0
885,4,,0,3.0,5,3.0,2,
886,4,,0,6.0,4,3.0,3,
887,2,80.0,1,5.0,2,3.0,5,
888,3,,0,,2,3.0,5,
889,2,,1,,3,3.0,2,
890,2,,0,,3,2.0,5,
891,4,,1,,2,4.0,5,
892,2,80.0,1,8.0,5,3.0,5,
893,3,80.0,1,24.0,4,2.0,4,
894,1,,1,,3,3.0,3,
895,1,80.0,1,,1,3.0,3,
896,4,,0,,3,3.0,5,
897,3,80.0,1,4.0,3,,4,
898,3,80.0,1,6.0,5,,2,
899,4,,2,8.0,3,2.0,2,
900,4,,0,31.0,2,1.0,5,
901,4,,1,3.0,3,2.0,2,
902,2,,2,,3,1.0,3,
903,3,,0,,2,3.0,10,
904,2,,0,6.0,2,4.0,2,
905,3,80.0,0,,2,1.0,3,
906,3,80.0,1,15.0,3,3.0,3,
907,1,80.0,0,,3,3.0,3,
908,3,,3,,2,3.0,3,
909,4,,1,,4,,2,
910,3,,0,4.0,3,3.0,2,
911,2,,2,8.0,2,4.0,3,2.0
912,4,,0,,3,2.0,2,
913,4,80.0,0,,2,3.0,4,
914,3,,2,3.0,3,3.0,2,
915,4,,0,,3,3.0,3,
916,2,,2,10.0,4,3.0,10,
917,1,,1,21.0,3,1.0,3,
918,2,,0,10.0,1,4.0,2,2.0
919,4,,2,8.0,3,3.0,8,
920,3,,0,,2,3.0,3,
921,1,,1,26.0,2,4.0,2,
922,4,80.0,0,,3,3.0,2,
923,3,,1,,2,3.0,3,
924,3,,1,13.0,2,3.0,3,
925,4,,0,5.0,0,3.0,4,
926,1,,1,5.0,3,4.0,3,
927,3,,1,4.0,4,3.0,3,
928,4,,0,,3,3.0,2,
929,1,,0,,3,3.0,2,
930,4,80.0,0,10.0,1,3.0,2,
931,4,,1,4.0,2,3.0,2,
932,3,,0,9.0,5,3.0,5,
933,4,,2,28.0,2,2.0,22,
934,4,,0,,2,3.0,2,
935,3,,1,7.0,5,3.0,2,
936,4,,0,5.0,2,2.0,4,
937,4,80.0,2,,2,3.0,2,
938,4,,0,19.0,4,3.0,2,
939,4,80.0,0,,3,3.0,2,
940,4,,1,24.0,2,3.0,5,
941,1,80.0,1,,2,3.0,2,
942,3,80.0,0,,2,3.0,4,
943,2,,1,5.0,3,3.0,4,
944,2,,1,3.0,1,2.0,3,
945,3,,2,7.0,2,3.0,2,
946,2,,1,,1,3.0,3,
947,2,80.0,1,9.0,3,3.0,5,
948,3,,0,,3,3.0,3,
949,3,,0,7.0,0,3.0,2,
950,4,,0,5.0,3,2.0,2,
951,2,,1,,2,3.0,5,
952,3,80.0,0,6.0,3,3.0,5,
953,3,,1,4.0,1,1.0,3,
954,4,80.0,0,10.0,2,2.0,5,
955,3,80.0,1,8.0,3,2.0,5,
956,4,,1,35.0,3,3.0,5,
957,1,,2,4.0,2,1.0,2,
958,3,,1,10.0,2,2.0,3,
959,1,,1,10.0,3,2.0,10,
960,1,,0,5.0,1,4.0,5,
961,2,,1,7.0,2,3.0,4,
962,4,,0,,2,2.0,5,
963,4,80.0,1,3.0,3,3.0,2,
964,3,80.0,3,5.0,3,3.0,3,
965,2,80.0,1,12.0,2,2.0,5,
966,2,80.0,0,4.0,3,3.0,4,
967,4,,0,2.0,3,2.0,2,
968,1,,0,3.0,3,2.0,3,
969,1,,1,4.0,3,4.0,3,
970,2,,1,6.0,2,3.0,2,
971,4,,0,,2,1.0,2,
972,2,,0,,1,3.0,3,
973,3,80.0,0,8.0,6,3.0,6,
974,2,,0,5.0,3,3.0,5,
975,1,,0,4.0,0,3.0,3,
976,1,,0,5.0,4,3.0,3,
977,2,,1,4.0,2,3.0,2,
978,2,,0,,2,,5,
979,2,,2,5.0,6,3.0,4,
980,4,80.0,1,5.0,2,1.0,4,
981,1,,0,4.0,3,3.0,3,
982,4,,0,19.0,0,3.0,2,
983,2,,0,8.0,6,3.0,2,
984,2,,1,,2,,3,
985,1,,1,3.0,4,2.0,3,
986,4,80.0,0,,6,3.0,2,
987,4,,0,,2,2.0,2,
988,2,,1,6.0,2,3.0,3,
989,1,,1,8.0,2,3.0,2,
990,4,80.0,2,23.0,0,3.0,2,
991,2,80.0,0,2.0,3,3.0,2,
992,3,,1,7.0,1,2.0,6,
993,4,80.0,3,3.0,4,,3,
994,2,,1,23.0,4,3.0,3,
995,3,,1,,2,3.0,3,
996,4,,1,4.0,5,2.0,4,
997,3,,0,,1,2.0,6,
998,2,,0,5.0,0,3.0,2,
999,3,80.0,1,4.0,3,3.0,3,
1000,3,80.0,0,2.0,6,4.0,2,
1001,1,,1,3.0,4,3.0,2,
1002,4,,1,5.0,3,3.0,5,
1003,4,80.0,0,,3,,3,
1004,1,,0,6.0,3,3.0,5,
1005,3,,1,,5,2.0,2,
1006,3,,2,9.0,2,3.0,6,
1007,3,,1,4.0,0,3.0,4,2.0
1008,2,,1,2.0,2,4.0,2,
1009,4,,1,28.0,2,3.0,5,
1010,3,,1,,2,,3,
1011,1,,0,2.0,2,2.0,2,
1012,3,80.0,1,,3,,2,
1013,1,,1,25.0,2,3.0,4,
1014,3,80.0,1,2.0,2,3.0,2,
1015,2,,1,16.0,6,2.0,13,
1016,1,,3,3.0,5,,3,
1017,3,,0,2.0,2,1.0,2,
1018,4,,0,4.0,3,3.0,3,
1019,3,80.0,0,,2,2.0,4,
1020,4,80.0,0,4.0,3,3.0,3,
1021,2,,1,,2,3.0,2,
1022,2,,0,5.0,2,2.0,3,
1023,4,80.0,0,,3,2.0,2,
1024,4,,2,,3,3.0,2,
1025,1,,0,6.0,2,3.0,5,
1026,1,,1,10.0,6,3.0,9,
1027,2,80.0,0,,2,,3,
1028,1,,0,19.0,4,3.0,19,
1029,1,80.0,0,,2,4.0,3,
1030,3,,0,10.0,4,4.0,3,
1031,2,,1,6.0,0,3.0,4,
1032,3,,3,,6,2.0,3,
1033,3,80.0,1,7.0,3,3.0,4,
1034,2,80.0,0,,1,2.0,5,
1035,2,,0,,3,3.0,6,
1036,3,,1,5.0,0,2.0,4,
1037,4,,3,4.0,2,3.0,4,
1038,4,,2,10.0,3,2.0,10,
1039,2,,0,14.0,5,3.0,4,
1040,1,,2,12.0,4,2.0,6,
1041,1,,3,4.0,3,2.0,3,
1042,2,80.0,0,6.0,3,2.0,3,
1043,4,80.0,0,,3,3.0,6,2.0
1044,4,,0,8.0,2,3.0,8,
1045,1,80.0,0,8.0,6,3.0,3,
1046,3,,0,10.0,2,3.0,2,
1047,2,,1,7.0,2,2.0,3,
1048,2,80.0,2,,3,3.0,3,
1049,3,,0,,3,4.0,3,
1050,1,80.0,2,11.0,3,2.0,3,
1051,1,80.0,0,6.0,2,3.0,3,
1052,4,,1,5.0,3,4.0,3,
1053,1,,0,7.0,5,,4,
1054,4,,0,8.0,3,3.0,3,
1055,3,,1,7.0,2,1.0,2,2.0
1056,1,,3,,3,3.0,2,
1057,4,,0,2.0,0,3.0,2,
1058,4,80.0,0,7.0,5,3.0,5,
1059,2,80.0,1,20.0,0,2.0,3,
1060,3,,0,6.0,3,2.0,5,
1061,4,,1,5.0,3,4.0,3,
1062,2,,0,16.0,2,2.0,2,
1063,2,,0,4.0,2,3.0,3,
1064,4,,0,5.0,5,3.0,4,
1065,1,,1,10.0,3,3.0,3,
1066,3,,3,,3,3.0,3,
1067,2,80.0,0,10.0,5,4.0,5,
1068,1,,0,7.0,2,,7,
1069,3,,0,8.0,2,3.0,2,
1070,4,,0,7.0,3,2.0,3,
1071,4,,1,,6,1.0,2,
1072,2,,1,9.0,3,3.0,4,
1073,1,,2,,2,3.0,5,
1074,4,,1,,3,2.0,8,
1075,2,,1,,3,2.0,2,
1076,2,,0,8.0,5,4.0,3,
1077,3,80.0,0,,4,3.0,5,
1078,4,,1,4.0,2,3.0,2,
1079,4,,1,9.0,3,3.0,3,
1080,2,80.0,1,8.0,3,2.0,8,
1081,2,,0,4.0,2,2.0,4,
1082,4,,2,6.0,3,3.0,3,
1083,4,,0,,3,3.0,5,
1084,2,80.0,2,7.0,2,3.0,3,
1085,3,,0,,2,,2,
1086,3,,1,27.0,2,3.0,5,
1087,4,80.0,0,,2,1.0,9,
1088,4,,0,18.0,2,2.0,4,
1089,2,80.0,1,,3,3.0,2,
1090,4,,2,,2,2.0,2,
1091,1,80.0,0,5.0,0,3.0,3,
1092,3,,0,,0,2.0,4,
1093,2,,0,10.0,3,1.0,4,
1094,3,,0,,2,3.0,5,
1095,3,,2,9.0,6,3.0,3,
1096,2,,2,27.0,2,3.0,4,
1097,1,80.0,0,2.0,3,3.0,2,
1098,3,,0,4.0,6,3.0,3,
1099,3,,2,6.0,5,3.0,6,
1100,2,,1,17.0,2,2.0,2,
1101,3,,3,29.0,2,3.0,3,
1102,1,,0,,3,3.0,2,
1103,2,80.0,2,10.0,2,2.0,3,
1104,1,,3,8.0,2,3.0,2,
1105,4,,1,8.0,1,3.0,4,
1106,2,,1,3.0,2,3.0,3,
1107,3,,3,,3,4.0,3,
1108,1,80.0,1,,3,2.0,5,
1109,4,,1,6.0,2,4.0,5,
1110,2,80.0,1,,4,3.0,3,
1111,2,,3,6.0,2,4.0,6,
1112,2,,3,16.0,3,3.0,2,
1113,3,,0,3.0,3,1.0,3,2.0
1114,4,80.0,1,3.0,2,3.0,2,
1115,3,,1,,0,2.0,4,
1116,3,,1,6.0,3,3.0,5,
1117,3,,0,6.0,5,2.0,6,
1118,3,80.0,0,2.0,3,3.0,2,
1119,4,,0,10.0,5,4.0,3,
1120,4,,3,27.0,2,2.0,3,
1121,1,,0,,3,3.0,2,
1122,4,80.0,0,,2,3.0,2,2.0
1123,1,,2,,2,3.0,5,
1124,3,,0,6.0,3,3.0,2,
1125,3,80.0,0,,2,2.0,3,
1126,1,,0,,3,1.0,3,
1127,4,,2,9.0,3,3.0,3,
1128,3,80.0,1,,3,3.0,3,
1129,1,,2,20.0,4,2.0,4,
1130,2,,0,23.0,3,3.0,2,
1131,4,,3,,3,3.0,2,
1132,3,,0,,2,3.0,2,
1133,2,,1,3.0,2,3.0,3,
1134,3,,0,7.0,3,2.0,2,
1135,2,80.0,3,7.0,2,3.0,2,
1136,2,80.0,1,,2,4.0,5,
1137,2,,0,,2,3.0,3,
1138,4,,0,4.0,2,3.0,3,
1139,2,,1,,2,3.0,5,
1140,4,,0,5.0,3,3.0,4,
1141,3,,2,,1,1.0,4,
1142,4,,1,,2,3.0,5,
1143,3,,0,9.0,3,2.0,4,
1144,2,,1,4.0,0,2.0,2,
1145,3,80.0,0,12.0,3,3.0,4,
1146,3,,1,10.0,1,3.0,3,
1147,4,,2,,0,4.0,5,
1148,4,80.0,1,4.0,3,,4,
1149,2,,0,15.0,2,2.0,2,
1150,2,,1,,2,3.0,6,
1151,4,,0,9.0,3,3.0,5,
1152,3,80.0,0,,6,4.0,5,
1153,3,,1,,2,2.0,2,
1154,3,,1,,1,3.0,2,
1155,3,,1,,3,3.0,2,
1156,4,,0,,2,4.0,3,
1157,3,,0,6.0,3,3.0,6,
1158,2,80.0,1,,2,3.0,2,
1159,4,,0,,6,3.0,2,
1160,2,,3,18.0,3,3.0,4,
1161,2,,3,4.0,3,4.0,2,
1162,4,80.0,0,,4,3.0,4,
1163,4,,0,8.0,2,3.0,2,
1164,4,80.0,2,,2,4.0,10,
1165,2,,1,20.0,3,3.0,3,
1166,4,,0,,2,3.0,4,
1167,3,80.0,1,17.0,3,3.0,5,
1168,2,,1,6.0,0,3.0,6,
1169,4,,0,7.0,3,3.0,1,1.0
1170,4,80.0,1,,3,4.0,1,
1171,2,,0,1.0,4,3.0,1,
1172,3,80.0,1,3.0,2,3.0,2,
1173,4,,1,1.0,2,2.0,1,
1174,1,,0,4.0,2,,3,
1175,1,80.0,0,8.0,2,3.0,8,
1176,1,,1,,2,2.0,3,
1177,3,80.0,0,5.0,3,1.0,5,
1178,4,,1,,3,3.0,4,
1179,4,,0,,2,3.0,7,
1180,3,,0,,5,3.0,1,
1181,4,,1,2.0,1,3.0,2,
1182,3,,1,10.0,2,3.0,6,1.0
1183,3,80.0,0,,2,1.0,3,
1184,4,80.0,2,5.0,4,3.0,1,
1185,3,,0,32.0,3,3.0,5,
1186,4,,0,10.0,2,3.0,5,
1187,3,,1,,3,3.0,4,
1188,4,80.0,1,6.0,6,3.0,5,
1189,4,,0,8.0,2,3.0,2,
1190,3,80.0,0,1.0,2,3.0,1,
1191,4,,1,3.0,2,,1,
1192,3,,0,,2,1.0,14,
1193,2,,1,3.0,5,3.0,3,
1194,2,80.0,1,3.0,0,2.0,2,
1195,4,,1,16.0,2,2.0,15,
1196,4,,1,1.0,2,3.0,1,
1197,4,,1,29.0,2,2.0,8,
1198,3,,1,1.0,0,2.0,1,
1199,4,,1,,2,3.0,3,
1200,4,80.0,0,,4,2.0,1,
1201,4,,1,16.0,3,1.0,1,
1202,3,,0,1.0,4,3.0,1,
1203,4,,0,2.0,2,3.0,2,
1204,2,,1,7.0,2,4.0,5,
1205,2,,0,,2,4.0,1,1.0
1206,4,80.0,0,13.0,2,3.0,6,
1207,4,80.0,2,,2,3.0,9,
1208,4,,2,,4,4.0,3,
1209,3,,1,,3,4.0,3,
1210,3,,2,4.0,2,2.0,2,
1211,2,,3,,3,3.0,1,
1212,1,,1,12.0,2,3.0,7,
1213,3,80.0,3,,3,3.0,1,
1214,3,80.0,0,8.0,1,4.0,5,
1215,2,,1,9.0,4,2.0,6,
1216,3,,1,24.0,3,3.0,2,
1217,3,,1,,3,2.0,7,
1218,4,,1,7.0,6,3.0,2,
1219,3,,0,6.0,3,3.0,5,
1220,2,,1,14.0,2,2.0,7,
1221,4,80.0,0,10.0,2,2.0,10,
1222,1,,0,8.0,2,3.0,4,
1223,2,80.0,1,9.0,6,3.0,5,
1224,1,80.0,1,,2,2.0,4,
1225,3,,3,,2,2.0,1,
1226,2,,0,7.0,3,3.0,0,
1227,1,,3,12.0,3,2.0,1,
1228,2,,1,1.0,2,3.0,1,
1229,2,,2,,2,2.0,1,
1230,4,,0,0.0,6,3.0,0,
1231,1,,0,10.0,5,3.0,10,
1232,3,,1,19.0,6,4.0,1,
1233,1,,1,6.0,2,,2,
1234,3,,1,1.0,3,3.0,1,
1235,4,,1,,6,3.0,1,
1236,3,,0,1.0,2,2.0,1,
1237,1,,0,8.0,1,3.0,1,
1238,4,,0,1.0,2,3.0,1,
1239,4,,0,,2,3.0,1,
1240,3,,1,10.0,3,3.0,4,
1241,3,,3,21.0,2,3.0,5,
1242,3,,1,,2,3.0,1,
1243,1,,1,,0,2.0,1,
1244,2,,0,,3,3.0,1,
1245,2,,0,,3,4.0,0,
1246,4,,1,,4,3.0,1,
1247,3,,1,,3,3.0,0,
1248,4,,0,,2,3.0,1,
1249,2,,0,,5,3.0,1,
1250,4,80.0,1,17.0,2,4.0,1,
1251,3,,0,,5,3.0,0,
1252,3,80.0,1,,3,3.0,1,
1253,1,,1,,2,3.0,1,
1254,4,,0,0.0,2,2.0,0,
1255,4,,1,7.0,2,3.0,5,
1256,4,,0,1.0,3,3.0,1,
1257,3,,0,10.0,2,3.0,1,
1258,2,,1,9.0,3,2.0,1,
1259,1,,0,1.0,5,,0,
1260,3,,0,1.0,3,2.0,1,
1261,1,,0,8.0,1,3.0,1,
1262,2,80.0,0,14.0,3,3.0,1,
1263,2,80.0,0,17.0,2,3.0,1,
1264,3,,0,,3,3.0,1,
1265,1,,1,7.0,6,3.0,1,
1266,3,,1,,3,2.0,7,
1267,1,,2,17.0,2,2.0,1,
1268,3,,1,25.0,2,3.0,24,
1269,2,80.0,2,17.0,5,3.0,1,
1270,2,,0,1.0,0,2.0,1,
1271,3,,0,5.0,5,1.0,0,
1272,2,,2,10.0,2,,0,
1273,2,,1,10.0,2,3.0,9,
1274,3,,1,8.0,3,3.0,8,
1275,4,,1,19.0,0,1.0,1,
1276,4,,0,10.0,2,3.0,8,
1277,3,,0,0.0,2,3.0,0,
1278,4,,2,4.0,2,3.0,1,
1279,1,,0,0.0,2,3.0,0,
1280,1,,0,12.0,3,2.0,1,
1281,1,,1,,1,2.0,1,
1282,1,,0,5.0,3,3.0,0,
1283,2,,0,16.0,2,3.0,1,
1284,3,,1,8.0,4,3.0,8,
1285,2,,1,15.0,3,1.0,0,
1286,2,,0,,6,3.0,1,
1287,2,,0,,6,3.0,1,
1288,2,,0,1.0,2,3.0,1,
1289,3,,0,7.0,2,4.0,1,
1290,4,,0,1.0,0,3.0,1,
1291,1,,1,,3,3.0,1,
1292,3,,0,3.0,4,3.0,1,
1293,4,,0,18.0,2,2.0,1,
1294,2,,1,,3,3.0,1,
1295,4,,1,10.0,2,,10,
1296,3,,1,,3,3.0,1,
1297,3,,0,1.0,3,4.0,1,
1298,3,,1,,3,2.0,1,
1299,3,,3,20.0,2,3.0,5,
1300,3,80.0,0,,3,3.0,1,
1301,1,,0,12.0,2,3.0,1,
1302,4,,0,,3,3.0,0,
1303,3,,1,20.0,2,3.0,1,
1304,1,,2,8.0,5,3.0,0,
1305,2,,0,1.0,3,1.0,1,
1306,3,80.0,1,18.0,4,,1,
1307,4,,1,1.0,2,3.0,1,
1308,3,,1,1.0,2,4.0,1,
1309,3,,1,,3,2.0,3,
1310,4,80.0,0,1.0,0,4.0,1,
1311,3,,1,21.0,3,,1,
1312,4,,0,8.0,3,2.0,0,
1313,4,80.0,0,6.0,3,3.0,5,
1314,3,,1,1.0,2,,1,
1315,1,,1,,5,2.0,6,
1316,4,,0,,5,3.0,1,
1317,3,,2,1.0,3,3.0,1,
1318,1,,0,,2,,1,
1319,4,,0,10.0,4,,1,
1320,3,,0,1.0,6,,1,
1321,1,,1,16.0,2,4.0,1,
1322,2,80.0,1,,0,1.0,1,
1323,3,,1,,3,,0,
1324,3,,2,1.0,2,3.0,0,
1325,3,,3,,4,3.0,1,
1326,4,,1,1.0,1,3.0,1,
1327,4,,0,10.0,6,3.0,1,
1328,2,,0,12.0,4,2.0,0,
1329,4,,0,1.0,3,3.0,1,
1330,3,80.0,3,0.0,6,2.0,0,
1331,4,80.0,2,9.0,2,3.0,1,
1332,2,,1,4.0,2,3.0,3,
1333,3,80.0,1,28.0,3,3.0,2,
1334,4,,0,,2,3.0,10,
1335,3,,0,1.0,2,1.0,1,
1336,4,,1,3.0,3,2.0,1,
1337,3,,1,4.0,2,4.0,1,
1338,1,,0,,3,2.0,1,
1339,2,80.0,2,1.0,3,3.0,1,
1340,4,,1,24.0,3,3.0,6,
1341,1,80.0,2,13.0,2,2.0,0,
1342,3,,0,5.0,3,3.0,3,
1343,3,80.0,3,,2,3.0,1,
1344,2,80.0,1,11.0,2,2.0,1,
1345,2,80.0,0,1.0,3,4.0,1,
1346,2,80.0,0,1.0,2,3.0,1,
1347,1,,0,6.0,3,3.0,5,
1348,1,80.0,0,7.0,4,3.0,1,
1349,4,,0,22.0,2,2.0,1,
1350,3,,0,3.0,5,3.0,0,
1351,3,,0,9.0,0,3.0,9,
1352,4,,0,,2,3.0,0,
1353,1,80.0,0,1.0,2,3.0,1,
1354,2,,0,21.0,3,4.0,1,
1355,2,,0,8.0,5,3.0,1,
1356,1,,0,15.0,2,1.0,1,
1357,3,80.0,0,19.0,1,3.0,1,
1358,2,,1,9.0,3,2.0,1,
1359,2,,0,,5,3.0,1,
1360,3,,1,18.0,5,3.0,1,
1361,1,,0,1.0,6,2.0,1,
1362,3,,3,18.0,2,4.0,10,
1363,3,,3,8.0,5,3.0,1,
1364,1,80.0,2,,2,3.0,1,
1365,4,80.0,0,5.0,4,3.0,0,
1366,4,,3,6.0,2,3.0,0,
1367,3,,0,,2,3.0,1,
1368,1,,0,16.0,3,3.0,1,
1369,4,,0,,0,3.0,0,
1370,1,80.0,1,6.0,4,,1,
1371,2,,1,,2,3.0,8,
1372,3,80.0,3,1.0,3,3.0,1,
1373,2,,1,1.0,5,3.0,0,
1374,4,,0,6.0,3,3.0,0,
1375,1,,1,5.0,2,1.0,1,
1376,4,,3,,2,3.0,0,
1377,1,80.0,1,1.0,3,1.0,1,
1378,3,80.0,0,,6,3.0,1,
1379,3,80.0,1,23.0,2,4.0,1,
1380,3,,0,7.0,4,2.0,1,
1381,2,80.0,2,6.0,2,3.0,6,
1382,3,,0,,3,4.0,1,
1383,4,,0,2.0,5,2.0,1,
1384,4,,0,1.0,2,3.0,1,
1385,4,,1,1.0,2,3.0,1,0.0
1386,4,,0,1.0,4,3.0,1,
1387,4,,0,18.0,2,3.0,1,
1388,2,,0,8.0,6,2.0,7,
1389,3,80.0,0,22.0,4,3.0,0,
1390,2,,1,5.0,4,3.0,1,
1391,3,,0,0.0,5,4.0,0,
1392,3,,0,3.0,3,4.0,1,
1393,2,,0,,3,3.0,1,
1394,3,,0,,3,4.0,1,
1395,2,80.0,0,6.0,3,4.0,5,
1396,2,,0,11.0,2,4.0,1,
1397,3,,1,11.0,4,2.0,1,
1398,2,80.0,2,1.0,2,2.0,1,
1399,1,,1,1.0,3,3.0,1,0.0
1400,3,,0,,2,2.0,0,
1401,3,80.0,1,1.0,2,,1,
1402,3,,0,8.0,2,2.0,0,
1403,4,,1,1.0,2,1.0,1,
1404,1,,0,14.0,6,3.0,0,
1405,4,,0,9.0,3,3.0,2,
1406,2,,1,,3,,1,
1407,1,,2,,2,2.0,1,0.0
1408,2,,0,,3,3.0,3,
1409,4,,1,1.0,2,3.0,1,
1410,3,,0,,4,,1,
1411,1,,0,1.0,5,3.0,1,
1412,1,,0,,5,3.0,1,
1413,3,80.0,1,,2,3.0,1,
1414,4,,0,24.0,2,3.0,1,
1415,4,,1,,5,2.0,1,
1416,2,80.0,0,27.0,5,1.0,26,
1417,3,80.0,0,0.0,2,4.0,0,
1418,2,,1,10.0,3,2.0,10,
1419,1,,2,10.0,2,,10,
1420,4,,0,21.0,2,3.0,2,
1421,4,,1,7.0,5,,0,
1422,1,,0,1.0,2,3.0,1,
1423,3,,1,19.0,2,4.0,1,
1424,3,,1,1.0,2,3.0,1,
1425,2,80.0,1,18.0,3,3.0,1,
1426,2,80.0,1,10.0,2,2.0,10,
1427,4,,1,4.0,3,1.0,1,
1428,2,80.0,0,10.0,2,3.0,0,
1429,3,,2,9.0,2,4.0,5,
1430,1,80.0,3,6.0,3,3.0,5,
1431,3,80.0,0,,2,2.0,0,
1432,1,,3,,2,3.0,1,
1433,3,,1,,2,3.0,1,
1434,3,,1,10.0,3,3.0,7,
1435,3,,1,,2,3.0,1,
1436,4,,1,6.0,4,3.0,1,
1437,2,,3,34.0,2,3.0,1,
1438,2,,0,,3,3.0,1,
1439,3,,0,1.0,6,3.0,1,
1440,3,,0,19.0,4,2.0,10,
1441,3,,2,10.0,2,2.0,0,
1442,3,80.0,0,0.0,4,1.0,0,
1443,3,,0,2.0,4,3.0,1,
1444,4,,1,,2,3.0,1,
1445,3,,0,,2,4.0,0,
1446,4,,2,11.0,3,,7,
1447,4,,0,,3,3.0,0,
1448,4,80.0,0,,3,3.0,1,
1449,2,80.0,0,1.0,3,2.0,1,
1450,4,,1,1.0,3,3.0,1,
1451,3,80.0,0,,3,2.0,1,
1452,1,80.0,0,1.0,2,3.0,1,
1453,3,,1,1.0,3,2.0,1,
1454,4,,1,10.0,5,3.0,2,0.0
1455,4,,0,1.0,3,,1,
1456,4,,0,6.0,0,3.0,2,
1457,3,,1,,3,3.0,0,
1458,4,80.0,1,10.0,3,3.0,10,
1459,3,,1,,2,2.0,1,
1460,3,,2,14.0,4,3.0,0,
1461,1,,0,,2,3.0,1,
1462,1,,0,20.0,3,2.0,1,
1463,2,,0,,1,3.0,1,
1464,3,,3,,4,3.0,1,
1465,3,80.0,0,6.0,3,3.0,2,
1466,3,,2,8.0,3,2.0,1,
1467,3,,0,,3,2.0,6,
1468,1,,1,,3,,1,
1469,3,,0,,2,,9,
1470,2,,1,12.0,4,3.0,11,
1471,3,,0,5.0,3,2.0,5,
1472,1,,1,6.0,5,2.0,5,
1473,4,,1,40.0,3,2.0,40,
1474,3,,2,,6,2.0,16,
1475,4,,1,11.0,5,3.0,11,
1476,3,,0,37.0,2,3.0,36,
1477,2,,0,,2,3.0,22,
1478,1,80.0,3,19.0,5,2.0,18,
1479,2,,1,,3,3.0,11,
1480,3,80.0,1,,3,,25,
1481,2,80.0,1,13.0,5,1.0,13,
1482,2,,1,28.0,2,3.0,27,
1483,4,,0,,2,2.0,2,
1484,2,,1,6.0,2,3.0,3,
1486,4,80.0,2,23.0,0,3.0,2,
1487,3,80.0,0,2.0,6,4.0,2,
1488,1,,1,3.0,4,3.0,2,
1491,1,,0,6.0,3,3.0,5,
1492,3,,1,,5,2.0,2,
1493,3,,2,9.0,2,3.0,6,
1494,3,,1,4.0,0,3.0,4,2.0
1495,2,,1,2.0,2,4.0,2,
1496,4,,1,28.0,2,3.0,5,
1497,3,,1,,2,,3,
1498,2,80.0,0,,5,3.0,9,
1500,4,80.0,0,,2,3.0,10,
1502,2,,0,9.0,3,3.0,7,
1503,4,,1,13.0,2,4.0,9,7.0
1504,2,,2,10.0,3,4.0,8,
1506,3,80.0,3,14.0,2,3.0,8,
1507,1,,1,22.0,3,,19,
1508,2,,0,9.0,5,2.0,8,
1509,2,80.0,1,18.0,3,4.0,13,
1511,3,,1,7.0,2,3.0,7,
1512,3,,1,,4,3.0,5,
1513,4,,0,,1,3.0,2,
1515,1,80.0,0,11.0,3,2.0,8,
1517,2,80.0,1,21.0,2,3.0,3,
1518,3,80.0,0,4.0,2,,3,
1519,3,,2,8.0,2,2.0,6,
1520,3,,2,,2,2.0,4,
1521,3,,1,4.0,5,3.0,3,
1522,2,,1,4.0,2,4.0,2,
1523,3,,0,3.0,3,3.0,3,
1524,3,,0,,2,3.0,3,
1525,3,,0,3.0,3,2.0,3,2.0
1526,4,,0,3.0,5,3.0,2,
1527,4,,0,6.0,4,3.0,3,
1528,2,80.0,1,5.0,2,3.0,5,
1529,3,,0,,2,3.0,5,
1530,2,,1,,3,3.0,2,
1531,2,,0,,3,2.0,5,
1532,4,,1,,2,4.0,5,
1533,2,80.0,1,8.0,5,3.0,5,
1534,3,80.0,1,24.0,4,2.0,4,
1536,1,80.0,1,,1,3.0,3,
1538,3,80.0,1,4.0,3,,4,
1539,3,80.0,1,6.0,5,,2,
1540,4,,2,8.0,3,2.0,2,
1541,2,,0,21.0,2,3.0,20,
1542,4,,1,,2,2.0,10,
1543,2,,1,10.0,6,2.0,7,
1544,1,,0,,3,,10,
1545,4,,1,12.0,4,3.0,10,
1546,2,,0,,0,,8,
1547,2,,1,10.0,3,2.0,8,
1548,1,,0,,5,3.0,8,
1549,4,,3,13.0,3,3.0,7,
1550,3,80.0,0,,0,2.0,7,
1551,3,,0,,6,2.0,7,
1552,2,80.0,1,9.0,3,4.0,9,
1553,4,,0,7.0,4,2.0,7,
1554,1,,1,8.0,3,3.0,8,
1555,1,,2,7.0,2,3.0,7,
1556,1,80.0,2,13.0,2,3.0,7,
1557,2,80.0,1,,3,3.0,8,
1558,3,,1,,3,3.0,7,
1559,3,,0,8.0,5,3.0,8,
1560,3,,1,18.0,2,2.0,7,
1562,4,80.0,3,36.0,0,2.0,7,
1563,3,80.0,1,10.0,2,3.0,10,
1565,3,80.0,0,12.0,2,2.0,11,
1566,3,,0,10.0,2,3.0,8,
1568,2,,1,,3,4.0,8,
1569,2,80.0,1,8.0,2,,7,
1570,1,80.0,0,10.0,3,3.0,8,
1571,4,80.0,0,10.0,3,3.0,10,
1572,4,,2,13.0,4,4.0,7,
1573,2,,1,10.0,3,3.0,8,
1576,3,80.0,1,16.0,1,4.0,9,
1578,4,,1,10.0,5,3.0,10,
1579,2,,0,9.0,3,4.0,8,
1581,4,,0,10.0,2,2.0,10,
1582,3,,0,10.0,4,,9,
1583,4,,0,9.0,3,3.0,9,
1584,4,,0,10.0,6,3.0,7,
1585,4,,0,20.0,2,3.0,7,
1587,2,80.0,1,22.0,3,3.0,22,
1588,4,80.0,0,10.0,4,3.0,7,
1589,1,80.0,1,10.0,2,3.0,8,
1590,4,80.0,1,10.0,2,2.0,8,
1591,3,,0,30.0,1,2.0,10,
1592,1,,0,9.0,3,3.0,8,
1593,2,80.0,0,10.0,1,3.0,10,
1594,1,,1,11.0,3,2.0,8,
1595,4,,0,17.0,2,3.0,15,
1596,4,,1,8.0,2,3.0,8,
1598,1,,1,,2,3.0,9,
1599,3,,1,10.0,3,3.0,10,
1600,3,80.0,0,,3,2.0,9,
1601,1,,0,8.0,2,3.0,8,
1602,1,,1,8.0,2,3.0,8,
1603,4,80.0,0,8.0,0,3.0,8,
1604,3,80.0,1,,1,2.0,7,
1605,2,80.0,0,,2,4.0,7,
1606,2,,0,,2,3.0,7,
1607,3,,2,10.0,2,1.0,9,
1608,3,,1,8.0,2,4.0,8,
1610,2,,0,,5,2.0,9,
1611,4,,0,9.0,3,3.0,8,
1612,4,,2,12.0,3,3.0,7,
1613,2,,1,,3,3.0,8,
